id,name,category,price,price_cp,availability,source,page,shop_types,tags,notes
alertness-potion,Alertness potion,potion,5 ss,50,Rare,core,108,apothecary|occult|temple,magic|consumable,
antitoxin-potion,Antitoxin potion,potion,5 ss,50,Rare,core,109,apothecary|occult|temple,magic|consumable,
fire-resistance-potion,Fire resistance potion,potion,5 ss,50,Rare,core,109,apothecary|occult|temple,magic|consumable,
fleeting-youth-potion,Fleeting youth potion,potion,1 gc,100,Exotic,core,109,apothecary|occult|temple,magic|consumable,
growth-potion,Growth potion,potion,5 ss,50,Exotic,core,109,apothecary|occult|temple,magic|consumable,
healing-potion,Healing potion,potion,2 ss,20,Uncommon,core,109,apothecary|occult|temple,magic|consumable,
invisibility-potion,Invisibility potion,potion,1 gc,100,Exotic,core,109,apothecary|occult|temple,magic|consumable,
panacea-potion,Panacea potion,potion,10 gc,1000,Exotic,core,109,apothecary|occult|temple,magic|consumable,
seeing-potion,Seeing potion,potion,5 ss,50,Exotic,core,109,apothecary|occult|temple,magic|consumable,
alchemists-kit,Alchemist's kit,specialist_gear,5 ss,50,Exotic,core,106,general|specialist|occult|apothecary|black_market,alchemy,
crystal-ball,Crystal ball,occult_gear,1 gc,100,Exotic,core,106,general|specialist|occult|apothecary|black_market,divination,
disguise-kit,Disguise kit (6 uses),specialist_gear,5 ss,50,Rare,core,106,general|specialist|occult|apothecary|black_market,disguise,
healers-kit,Healer's kit (6 uses),medical_gear,5 ss,50,Uncommon,core,106,general|specialist|occult|apothecary|black_market,healing,
holy-water,Holy water,holy_item,3 ss,30,Rare,core,106,general|specialist|occult|apothecary|black_market,holy,
implement-of-magic,Implement of magic,occult_gear,1 ss,10,Uncommon,core,106,general|specialist|occult|apothecary|black_market,magic,
lock-picks,Lock picks,specialist_gear,1 ss,10,Rare,core,106,general|specialist|occult|apothecary|black_market,thief,
magnifying-glass,Magnifying glass,specialist_gear,1 ss,10,Exotic,core,106,general|specialist|occult|apothecary|black_market,investigation,
navigators-instruments,Navigator's instruments,specialist_gear,2 ss,20,Exotic,core,106,general|specialist|occult|apothecary|black_market,navigation,
poison-core,Poison,poison,5 ss,50,Rare,core,106,general|specialist|occult|apothecary|black_market,injected|ingested,
spyglass,Spyglass,specialist_gear,100 gc,10000,Exotic,core,106,general|specialist|occult|apothecary|black_market,sight,
writing-kit,Writing kit,specialist_gear,1 ss,10,Rare,core,106,general|specialist|occult|apothecary|black_market,incantation,
all-flower-water,All-flower water,alchemical_item,3 ss,30,Rare,dlc1,24,apothecary|occult|black_market,alchemy,
bottled-smoke,Bottled smoke,alchemical_item,5 ss,50,Rare,dlc1,24,apothecary|occult|black_market,alchemy,
dragon-fire,Dragon fire,alchemical_item,5 gc,500,Exotic,dlc1,24,apothecary|occult|black_market,alchemy,
reagent,Reagent,alchemical_item,5 cp,5,Rare,dlc1,24,apothecary|occult|black_market,alchemy,
royal-water,Royal water,alchemical_item,10 gc,1000,Exotic,dlc1,25,apothecary|occult|black_market,alchemy,
superior-glue,Superior glue,alchemical_item,1 ss,10,Uncommon,dlc1,25,apothecary|occult|black_market,alchemy,
water-of-life,Water of life,alchemical_item,1 ss,10,Uncommon,dlc1,25,apothecary|occult|black_market,alchemy,
azeen,Azeen,forbidden_item,1 gc,100,Exotic,dlc1,25,black_market|occult,forbidden,
deaths-heralds,Death's heralds,forbidden_item,5 gc,500,Exotic,dlc1,25,black_market|occult,forbidden,
distilled-maidens-tears,Distilled maidens' tears (1 dose),forbidden_item,1 gc,100,Exotic,dlc1,26,black_market|occult,forbidden,
frenzy,Frenzy (1 dose),forbidden_item,1 gc,100,Exotic,dlc1,26,black_market|occult,forbidden,
lotus-petals,Lotus petals (1 dose),forbidden_item,1 ss,10,Exotic,dlc1,26,black_market|occult,forbidden,
love-potion,Love potion,forbidden_item,1 gc,100,Rare,dlc1,26,black_market|occult,forbidden,
lust,Lust,forbidden_item,5 ss,50,Exotic,dlc1,26,black_market|occult,forbidden,
revenant-head,Revenant head,forbidden_item,100 gc,10000,Exotic,dlc1,26,black_market|occult,forbidden,
unicorn-horn,Unicorn horn,forbidden_item,100 gc,10000,Exotic,dlc1,27,black_market|occult,forbidden,
blunderbuss,Blunderbuss,engineering_marvel,5 gc,500,Rare,dlc1,27,engineer|specialist|black_market,engineering,
bomb,Bomb,engineering_marvel,5 gc,500,Rare,dlc1,27,engineer|specialist|black_market,engineering,
clock-pocket-watch,Clock or pocket watch,engineering_marvel,5 gc,500,Rare,dlc1,27,engineer|specialist|black_market,engineering,
construct-engineering,Construct,engineering_marvel,100 gc,10000,Exotic,dlc1,27,engineer|specialist|black_market,engineering,
flare,Flare,engineering_marvel,5 ss,50,Rare,dlc1,27,engineer|specialist|black_market,engineering,
smoke-bomb,Smoke bomb,engineering_marvel,1 gc,100,Rare,dlc1,27,engineer|specialist|black_market,engineering,
timer,Timer,engineering_marvel,1 gc,100,Rare,dlc1,28,engineer|specialist|black_market,engineering,
agility-potion,Agility potion,potion,5 ss,50,Rare,dlc1,28,apothecary|occult,magic|consumable,
courage-potion,Courage potion,potion,5 ss,50,Rare,dlc1,28,apothecary|occult,magic|consumable,
cunning-potion,Cunning potion,potion,5 ss,50,Rare,dlc1,28,apothecary|occult,magic|consumable,
might-potion,Might potion,potion,5 ss,50,Rare,dlc1,28,apothecary|occult,magic|consumable,
mimic-potion,Mimic potion,potion,1 gc,100,Exotic,dlc1,28,apothecary|occult,magic|consumable,
phasing-potion,Phasing potion,potion,5 gc,500,Exotic,dlc1,28,apothecary|occult,magic|consumable,
shrinking-potion,Shrinking potion,potion,5 ss,50,Exotic,dlc1,29,apothecary|occult,magic|consumable,
water-breathing-potion,Water-breathing potion,potion,5 ss,50,Exotic,dlc1,29,apothecary|occult,magic|consumable,
weightlessness-potion,Weightlessness potion,potion,5 ss,50,Exotic,dlc1,29,apothecary|occult,magic|consumable,
wings-potion,Wings potion,potion,3 gc,300,Exotic,dlc1,29,apothecary|occult,magic|consumable,
knockout-poison,Knockout poison,poison,5 ss,50,Rare,poisoned_pages,2,black_market|apothecary,poison,
lethal-poison,Lethal poison,poison,10 gc,1000,Exotic,poisoned_pages,2,black_market|apothecary,poison,
maddening-poison,Maddening poison,poison,1 gc,100,Rare,poisoned_pages,2,black_market|apothecary,poison,
major-poison,Major poison,poison,2 gc,200,Rare,poisoned_pages,2,black_market|apothecary,poison,
mild-poison,Mild poison,poison,5 ss,50,Rare,poisoned_pages,2,black_market|apothecary,poison,
needle-ring,Needle ring,poison_gear,1 gc,100,Rare,poisoned_pages,2,black_market|apothecary,poison,
poison-ring,Poison ring,poison_gear,1 gc,100,Rare,poisoned_pages,2,black_market|apothecary,poison,
slow-poison,Slow poison,poison,3 gc,300,Exotic,poisoned_pages,2,black_market|apothecary,poison,
syringe,Syringe,medical_gear,1 ss,10,Rare,poisoned_pages,2,black_market|apothecary,poison,
truth-poison,Truth poison,poison,5 ss,50,Rare,poisoned_pages,2,black_market|apothecary,poison,
venomous-sheath,Venomous sheath,poison_gear,1 ss,10,Rare,poisoned_pages,2,black_market|apothecary,poison,
weakening-poison,Weakening poison,poison,1 gc,100,Rare,poisoned_pages,2,black_market|apothecary,poison,
brainwash-poison,Brainwash poison,alchemical_poison,5 gc,500,Exotic,poisoned_pages,4,black_market|apothecary|occult,poison|alchemy,
doomfire-poison,Doomfire poison,alchemical_poison,20 gc,2000,Exotic,poisoned_pages,4,black_market|apothecary|occult,poison|alchemy,
harmless-poison,Harmless poison,alchemical_poison,20 gc,2000,Exotic,poisoned_pages,4,black_market|apothecary|occult,poison|alchemy,
mindwrack-poison,Mindwrack poison,alchemical_poison,20 gc,2000,Exotic,poisoned_pages,4,black_market|apothecary|occult,poison|alchemy,
slowrot-poison,Slowrot poison,alchemical_poison,10 gc,1000,Exotic,poisoned_pages,4,black_market|apothecary|occult,poison|alchemy,
stoneflesh-poison,Stoneflesh poison,alchemical_poison,5 gc,500,Exotic,poisoned_pages,4,black_market|apothecary|occult,poison|alchemy,
thoughtrend-poison,Thoughtrend poison,alchemical_poison,5 gc,500,Exotic,poisoned_pages,4,black_market|apothecary|occult,poison|alchemy,
tumescent-poison,Tumescent poison,alchemical_poison,5 gc,500,Exotic,poisoned_pages,4,black_market|apothecary|occult,poison|alchemy,
incantation-rank-0,Incantation (rank 0),incantation,1 ss,10,Uncommon,core,109,occult|temple|black_market,spell|scroll,Template product. Pair with a spell of the same rank from spells files.
incantation-rank-1,Incantation (rank 1),incantation,5 ss,50,Uncommon,core,109,occult|temple|black_market,spell|scroll,Template product. Pair with a spell of the same rank from spells files.
incantation-rank-2,Incantation (rank 2),incantation,1 gc,100,Rare,core,109,occult|temple|black_market,spell|scroll,Template product. Pair with a spell of the same rank from spells files.
incantation-rank-3,Incantation (rank 3),incantation,5 gc,500,Rare,core,109,occult|temple|black_market,spell|scroll,Template product. Pair with a spell of the same rank from spells files.
incantation-rank-4,Incantation (rank 4),incantation,10 gc,1000,Exotic,core,109,occult|temple|black_market,spell|scroll,Template product. Pair with a spell of the same rank from spells files.
incantation-rank-5,Incantation (rank 5),incantation,50 gc,5000,Exotic,core,109,occult|temple|black_market,spell|scroll,Template product. Pair with a spell of the same rank from spells files.
incantation-rank-6,Incantation (rank 6),incantation,100 gc,10000,Exotic,core,109,occult|temple|black_market,spell|scroll,Template product. Pair with a spell of the same rank from spells files.
incantation-rank-7,Incantation (rank 7),incantation,250 gc,25000,GM permission,core,109,occult|temple|black_market,spell|scroll,Template product. Pair with a spell of the same rank from spells files.
incantation-rank-8,Incantation (rank 8),incantation,500 gc,50000,GM permission,core,109,occult|temple|black_market,spell|scroll,Template product. Pair with a spell of the same rank from spells files.
incantation-rank-9,Incantation (rank 9),incantation,"1,000 gc",100000,GM permission,core,109,occult|temple|black_market,spell|scroll,Template product. Pair with a spell of the same rank from spells files.
incantation-rank-10,Incantation (rank 10),incantation,"5,000 gc",500000,GM permission,core,109,occult|temple|black_market,spell|scroll,Template product. Pair with a spell of the same rank from spells files.
